Model,Testset,beamsearch_1_α_0.5(target|predicted|relative),beamsearch_5_α_0.5(target|predicted|relative),beamsearch_10_α_0.5(target|predicted|relative),beamsearch_10_α_0.1(target|predicted|relative),beamsearch_10_α_0.9(target|predicted|relative)
base,cnn,295.555 | 449.585 | 1.6352,295.24 | 418.715 | 1.536,295.86 | 427.075 | 1.5645,295.34 | 395.86 | 1.4702,295.715 | 442.47 | 1.6116
base,multi_news,1103.785 | 793.375 | 0.7473,1102.92 | 610.815 | 0.5818,1104.81 | 586.295 | 0.5584,1105.165 | 444.455 | 0.4351,1104.575 | 727.145 | 0.6894
base,billsum,861.44 | 976.365 | 1.8193,858.32 | 696.625 | 1.3442,858.82 | 629.72 | 1.2006,861.18 | 294.635 | 0.5403,859.485 | 905.835 | 1.642
base,pubmed,950.18 | 757.93 | 0.9048,951.06 | 541.52 | 0.6339,948.105 | 501.9 | 0.607,949.225 | 322.54 | 0.4056,946.81 | 765.465 | 0.931
base,reddit_tifu,104.62 | 347.565 | 4.6295,105.01 | 333.555 | 4.4367,105.075 | 331.225 | 4.4315,104.865 | 308.86 | 4.1892,105.455 | 347.205 | 4.5975
base,aeslc,28.81 | 101.115 | 4.6556,28.855 | 91.74 | 4.2326,28.725 | 87.08 | 4.0506,28.87 | 86.885 | 4.0215,28.865 | 87.325 | 4.0596
cnn,cnn,295.595 | 328.835 | 1.1691,295.855 | 236.395 | 0.8324,295.685 | 248.775 | 0.8887,294.78 | 175.595 | 0.6369,295.31 | 342.26 | 1.2343
cnn,multi_news,1105.83 | 320.315 | 0.3021,1103.68 | 266.015 | 0.2537,1105.07 | 268.28 | 0.2529,1104.775 | 177.68 | 0.1673,1104.345 | 432.265 | 0.4085
cnn,billsum,859.575 | 350.985 | 0.6823,860.91 | 142.23 | 0.2639,858.835 | 131.82 | 0.247,859.23 | 90.77 | 0.1739,860.925 | 368.83 | 0.7306
cnn,pubmed,948.835 | 346.185 | 0.4215,949.49 | 179.325 | 0.2298,949.075 | 173.25 | 0.2261,949.465 | 110.945 | 0.139,948.755 | 352.47 | 0.4444
cnn,reddit_tifu,105.725 | 340.165 | 5.1581,105.125 | 185.385 | 2.3576,105.16 | 173.41 | 4.1783,105.06 | 106.5 | 1.4133,104.9 | 439.54 | 7.554
cnn,aeslc,28.84 | 139.41 | 6.3889,28.75 | 102.965 | 4.9182,28.86 | 103.89 | 4.916,28.76 | 81.79 | 3.8222,28.78 | 116.82 | 5.5261
multi_news,cnn,295.73 | 580.51 | 2.1585,296.05 | 550.47 | 2.045,295.44 | 548.13 | 2.0406,296.245 | 544.815 | 2.0317,296.025 | 560.85 | 2.0927
multi_news,multi_news,1105.28 | 1006.0 | 0.9272,1106.88 | 943.09 | 0.8679,1104.04 | 915.685 | 0.8481,1104.0 | 871.23 | 0.8061,1104.985 | 1012.625 | 0.9422
multi_news,billsum,860.485 | 1108.885 | 2.1269,862.56 | 1046.375 | 1.9791,862.775 | 1038.295 | 1.9883,860.285 | 1032.1 | 1.995,861.21 | 1086.965 | 2.0799
multi_news,pubmed,949.995 | 1155.68 | 1.4479,950.355 | 1138.005 | 1.4186,949.515 | 1126.56 | 1.3838,949.44 | 1124.695 | 1.3807,948.795 | 1147.515 | 1.4202
multi_news,reddit_tifu,105.03 | 553.89 | 9.1795,105.245 | 525.135 | 8.5623,105.34 | 509.015 | 8.4026,104.655 | 506.505 | 8.3179,104.945 | 513.175 | 8.5514
multi_news,aeslc,28.875 | 152.44 | 7.2757,28.715 | 147.49 | 7.1059,28.81 | 148.53 | 7.1244,28.86 | 148.465 | 7.1158,28.78 | 148.6 | 7.1216
billsum,cnn,296.26 | 352.98 | 1.2784,294.98 | 246.165 | 0.9017,295.22 | 223.31 | 0.845,294.595 | 196.055 | 0.7382,295.16 | 347.965 | 1.271
billsum,multi_news,1103.605 | 544.725 | 0.5261,1105.195 | 317.94 | 0.3044,1105.07 | 267.055 | 0.2638,1104.555 | 240.115 | 0.2384,1104.88 | 658.355 | 0.6463
billsum,billsum,859.16 | 1010.94 | 1.5288,860.565 | 769.09 | 1.1661,860.485 | 633.47 | 1.0198,858.42 | 536.39 | 0.8623,858.49 | 767.685 | 1.1779
billsum,pubmed,949.195 | 503.44 | 0.6307,949.245 | 393.535 | 0.4932,949.925 | 393.635 | 0.5071,950.43 | 362.24 | 0.4712,948.945 | 668.88 | 0.8544
billsum,reddit_tifu,105.065 | 274.845 | 3.7209,105.085 | 162.09 | 3.3732,105.32 | 159.455 | 3.1568,105.105 | 138.95 | 2.9417,105.03 | 335.88 | 5.2517
billsum,aeslc,28.755 | 133.98 | 6.3855,28.825 | 109.775 | 5.0169,28.82 | 105.67 | 4.9534,28.825 | 100.77 | 4.5427,28.875 | 113.1 | 5.3545
pubmed,cnn,295.545 | 507.925 | 1.9221,296.51 | 359.09 | 1.3665,295.35 | 356.185 | 1.3424,295.405 | 315.115 | 1.1872,295.835 | 455.85 | 1.7044
pubmed,multi_news,1105.075 | 801.1 | 0.7657,1106.695 | 554.49 | 0.5293,1104.79 | 517.86 | 0.4774,1104.24 | 365.75 | 0.3431,1103.585 | 938.805 | 0.8933
pubmed,billsum,859.75 | 916.765 | 1.7427,860.54 | 715.73 | 1.2768,860.165 | 689.635 | 1.1791,859.185 | 607.655 | 1.0613,858.02 | 908.415 | 1.5707
pubmed,pubmed,948.69 | 957.46 | 1.1056,948.685 | 882.435 | 0.994,949.29 | 859.935 | 0.9838,950.415 | 807.48 | 0.9144,950.82 | 981.01 | 1.1332
pubmed,reddit_tifu,105.05 | 396.105 | 5.6207,104.885 | 287.97 | 6.4116,104.635 | 285.1 | 6.3034,104.89 | 222.03 | 5.4298,104.87 | 420.51 | 8.1582
pubmed,aeslc,28.88 | 146.325 | 6.9415,28.76 | 144.03 | 6.7625,28.79 | 138.07 | 6.5237,28.84 | 137.94 | 6.5288,28.77 | 138.125 | 6.523
reddit_tifu,cnn,295.605 | 127.21 | 0.4732,295.41 | 139.45 | 0.5457,296.185 | 154.375 | 0.5906,295.605 | 82.67 | 0.3173,295.795 | 314.6 | 1.1681
reddit_tifu,multi_news,1103.79 | 219.02 | 0.2102,1104.92 | 111.74 | 0.1007,1105.215 | 134.145 | 0.1221,1104.79 | 18.69 | 0.017,N/A
reddit_tifu,billsum,856.465 | 397.245 | 0.6656,861.33 | 212.055 | 0.4114,856.74 | 240.76 | 0.4112,859.235 | 33.35 | 0.0629,855.93 | 407.12 | 0.7415
reddit_tifu,pubmed,949.075 | 271.825 | 0.3691,948.17 | 274.195 | 0.3585,948.825 | 295.405 | 0.3805,947.43 | 141.11 | 0.1741,949.185 | 933.735 | 1.1335
reddit_tifu,reddit_tifu,104.225 | 94.61 | 1.6539,104.845 | 77.17 | 0.9609,104.995 | 68.66 | 0.8664,105.44 | 63.715 | 0.8097,104.875 | 166.59 | 1.9718
reddit_tifu,aeslc,28.815 | 57.42 | 2.5882,28.78 | 34.215 | 1.5835,28.78 | 36.54 | 1.6689,28.89 | 19.04 | 0.9766,28.735 | 69.33 | 3.1991
aeslc,cnn,295.435 | 58.64 | 0.2273,296.48 | 53.075 | 0.2021,295.875 | 65.04 | 0.245,295.64 | 23.24 | 0.0889,295.175 | 119.67 | 0.4849
aeslc,multi_news,1104.93 | 39.17 | 0.0381,1105.405 | 57.045 | 0.049,1104.365 | 54.665 | 0.047,1105.875 | 18.97 | 0.0187,1104.65 | 260.32 | 0.2393
aeslc,billsum,863.955 | 39.45 | 0.0675,857.145 | 20.97 | 0.0429,859.66 | 20.895 | 0.0459,857.14 | 18.065 | 0.043,861.205 | 73.865 | 0.1248
aeslc,pubmed,948.85 | 37.925 | 0.0469,948.1 | 43.7 | 0.045,948.98 | 20.43 | 0.024,950.67 | 18.7 | 0.0222,950.46 | 376.26 | 0.4295
aeslc,reddit_tifu,104.85 | 15.34 | 0.2492,105.12 | 25.29 | 0.4298,104.95 | 25.98 | 0.4353,104.805 | 12.47 | 0.1968,105.055 | 70.25 | 1.945
aeslc,aeslc,28.8 | 27.87 | 1.1766,28.885 | 24.555 | 0.9756,28.845 | 24.965 | 0.9918,28.85 | 22.93 | 0.8969,28.835 | 25.96 | 1.0465
