Model,Testset,beamsearch_1_α_0.5(precision|recall|f1),beamsearch_5_α_0.5(precision|recall|f1),beamsearch_10_α_0.5(precision|recall|f1),beamsearch_10_α_0.1(precision|recall|f1),beamsearch_10_α_0.9(precision|recall|f1)
base,cnn,0.1165 | 0.1631 | 0.1266,0.1241 | 0.1679 | 0.1337,0.1271 | 0.1746 | 0.1375,0.1312 | 0.1702 | 0.1379,0.1219 | 0.175 | 0.1355
base,multi_news,0.0824 | 0.0482 | 0.0573,0.1499 | 0.0715 | 0.0919,0.1484 | 0.0709 | 0.0918,0.1632 | 0.0638 | 0.0861,0.1342 | 0.0732 | 0.0904
base,billsum,0.0493 | 0.0597 | 0.0487,0.0996 | 0.0634 | 0.0655,0.1025 | 0.0649 | 0.0653,0.1586 | 0.06 | 0.078,0.0711 | 0.0708 | 0.0614
base,pubmed,0.0624 | 0.047 | 0.0486,0.103 | 0.0532 | 0.0653,0.1143 | 0.0543 | 0.0683,0.121 | 0.043 | 0.0592,0.0914 | 0.0633 | 0.0701
base,reddit_tifu,0.0248 | 0.0752 | 0.0358,0.0252 | 0.0735 | 0.0362,0.0252 | 0.0724 | 0.0361,0.0249 | 0.0687 | 0.0354,0.0246 | 0.0729 | 0.0356
base,aeslc,0.0213 | 0.104 | 0.0344,0.0163 | 0.0782 | 0.0261,0.0167 | 0.077 | 0.0265,0.0147 | 0.0676 | 0.0234,0.0168 | 0.0765 | 0.0265
cnn,cnn,0.1919 | 0.2167 | 0.1986,0.2227 | 0.1809 | 0.1939,0.2045 | 0.1737 | 0.1827,0.2601 | 0.1571 | 0.186,0.1928 | 0.2165 | 0.1968
cnn,multi_news,0.1988 | 0.0581 | 0.0876,0.2126 | 0.0511 | 0.0802,0.1947 | 0.0466 | 0.0732,0.2244 | 0.0342 | 0.0578,0.1696 | 0.0684 | 0.0947
cnn,billsum,0.2418 | 0.1137 | 0.1379,0.38 | 0.0673 | 0.1025,0.4015 | 0.0672 | 0.1046,0.4197 | 0.054 | 0.088,0.2566 | 0.1253 | 0.1404
cnn,pubmed,0.1946 | 0.0744 | 0.1043,0.219 | 0.0429 | 0.0685,0.226 | 0.0408 | 0.0665,0.2514 | 0.0328 | 0.0559,0.1934 | 0.0726 | 0.1006
cnn,reddit_tifu,0.0323 | 0.0893 | 0.044,0.0355 | 0.0577 | 0.0405,0.0367 | 0.0545 | 0.0395,0.0425 | 0.0467 | 0.041,0.0212 | 0.0849 | 0.0328
cnn,aeslc,0.0289 | 0.1783 | 0.0476,0.0248 | 0.1168 | 0.0387,0.0209 | 0.0981 | 0.0325,0.0313 | 0.1056 | 0.0436,0.0254 | 0.1204 | 0.0395
multi_news,cnn,0.0789 | 0.1679 | 0.1047,0.0859 | 0.1761 | 0.1127,0.0802 | 0.1633 | 0.1047,0.0811 | 0.1642 | 0.1055,0.0791 | 0.1662 | 0.1046
multi_news,multi_news,0.1753 | 0.1651 | 0.1676,0.1945 | 0.1686 | 0.1771,0.2028 | 0.1637 | 0.1775,0.2084 | 0.1622 | 0.1784,0.1935 | 0.1753 | 0.1805
multi_news,billsum,0.0406 | 0.0849 | 0.0486,0.0569 | 0.1179 | 0.0673,0.0712 | 0.1217 | 0.0796,0.0709 | 0.1214 | 0.0793,0.0707 | 0.1257 | 0.0811
multi_news,pubmed,0.0392 | 0.064 | 0.0466,0.0509 | 0.0778 | 0.059,0.0505 | 0.0757 | 0.0586,0.0509 | 0.0766 | 0.0589,0.0499 | 0.0769 | 0.0583
multi_news,reddit_tifu,0.017 | 0.0892 | 0.0275,0.0161 | 0.0793 | 0.0259,0.0172 | 0.0887 | 0.0279,0.0172 | 0.0876 | 0.0278,0.0171 | 0.0883 | 0.0279
multi_news,aeslc,0.0022 | 0.0146 | 0.0037,0.0029 | 0.0229 | 0.0049,0.0075 | 0.0493 | 0.0126,0.0076 | 0.0511 | 0.0127,0.0077 | 0.0508 | 0.013
billsum,cnn,0.0775 | 0.0888 | 0.0773,0.0974 | 0.0813 | 0.0823,0.1023 | 0.0764 | 0.0815,0.0953 | 0.065 | 0.0732,0.0864 | 0.0994 | 0.0853
billsum,multi_news,0.0963 | 0.0402 | 0.0527,0.1194 | 0.0339 | 0.0493,0.121 | 0.0278 | 0.043,0.1181 | 0.0247 | 0.0389,0.0958 | 0.0425 | 0.0531
billsum,billsum,0.3875 | 0.4763 | 0.397,0.5062 | 0.4436 | 0.4299,0.5601 | 0.4042 | 0.4056,0.5967 | 0.356 | 0.3658,0.5057 | 0.4503 | 0.4217
billsum,pubmed,0.0693 | 0.0311 | 0.0393,0.0792 | 0.0256 | 0.0356,0.0744 | 0.0242 | 0.0341,0.0714 | 0.0224 | 0.0318,0.0532 | 0.031 | 0.0353
billsum,reddit_tifu,0.0171 | 0.0179 | 0.0159,0.0204 | 0.0195 | 0.0167,0.022 | 0.0146 | 0.0161,0.0204 | 0.0128 | 0.0143,0.0146 | 0.0242 | 0.0157
billsum,aeslc,0.0266 | 0.1199 | 0.0389,0.0289 | 0.1108 | 0.042,0.0307 | 0.114 | 0.0437,0.0322 | 0.122 | 0.0457,0.031 | 0.1131 | 0.0437
pubmed,cnn,0.0206 | 0.0334 | 0.0243,0.0307 | 0.0296 | 0.028,0.0349 | 0.0316 | 0.0309,0.0364 | 0.0315 | 0.0321,0.0281 | 0.037 | 0.0299
pubmed,multi_news,0.0365 | 0.0236 | 0.027,0.0423 | 0.0154 | 0.0209,0.0472 | 0.0152 | 0.0215,0.054 | 0.0143 | 0.0217,0.0218 | 0.0189 | 0.0196
pubmed,billsum,0.043 | 0.0459 | 0.0398,0.05 | 0.0399 | 0.0398,0.046 | 0.036 | 0.0362,0.0492 | 0.0354 | 0.037,0.0359 | 0.0409 | 0.035
pubmed,pubmed,0.1965 | 0.1999 | 0.1928,0.1958 | 0.1866 | 0.1866,0.1951 | 0.1833 | 0.184,0.2005 | 0.1736 | 0.1799,0.1829 | 0.1962 | 0.1857
pubmed,reddit_tifu,0.019 | 0.0654 | 0.028,0.0262 | 0.0628 | 0.0332,0.0243 | 0.0615 | 0.0322,0.0255 | 0.0549 | 0.0322,0.0209 | 0.0775 | 0.0309
pubmed,aeslc,0.0034 | 0.0167 | 0.0056,0.0047 | 0.03 | 0.008,0.0033 | 0.0183 | 0.0055,0.0032 | 0.0183 | 0.0053,0.0033 | 0.0183 | 0.0056
reddit_tifu,cnn,0.1763 | 0.0803 | 0.107,0.1583 | 0.0863 | 0.1028,0.1641 | 0.0962 | 0.1121,0.1131 | 0.0583 | 0.0708,0.1426 | 0.1252 | 0.1212
reddit_tifu,multi_news,0.0803 | 0.01 | 0.0175,0.0609 | 0.0082 | 0.0141,0.0606 | 0.0084 | 0.0144,0.0268 | 0.0031 | 0.0055,N/A
reddit_tifu,billsum,0.0695 | 0.0261 | 0.032,0.1149 | 0.017 | 0.0256,0.0607 | 0.0116 | 0.0168,0.1821 | 0.0199 | 0.0331,0.0132 | 0.0119 | 0.0101
reddit_tifu,pubmed,0.2 | 0.0431 | 0.0621,0.1957 | 0.0404 | 0.0601,0.2286 | 0.045 | 0.0685,0.2353 | 0.0353 | 0.0591,0.0818 | 0.0814 | 0.0772
reddit_tifu,reddit_tifu,0.1176 | 0.099 | 0.0991,0.1405 | 0.0922 | 0.101,0.1413 | 0.0881 | 0.0985,0.1461 | 0.0858 | 0.098,0.1053 | 0.1004 | 0.0831
reddit_tifu,aeslc,0.0104 | 0.0431 | 0.0163,0.0106 | 0.033 | 0.0135,0.0164 | 0.0433 | 0.0205,0.0137 | 0.03 | 0.0159,0.0234 | 0.072 | 0.0314
aeslc,cnn,0.1428 | 0.02 | 0.0317,0.201 | 0.0304 | 0.0471,0.2143 | 0.027 | 0.0422,0.1904 | 0.0134 | 0.0226,0.1903 | 0.0364 | 0.053
aeslc,multi_news,0.2035 | 0.0076 | 0.0142,0.21 | 0.0048 | 0.0092,0.2035 | 0.004 | 0.0076,0.186 | 0.0028 | 0.0054,0.173 | 0.0069 | 0.0114
aeslc,billsum,0.3015 | 0.0224 | 0.0389,0.3525 | 0.0179 | 0.0321,0.3278 | 0.0168 | 0.0301,0.29 | 0.0143 | 0.0254,0.3339 | 0.0202 | 0.0338
aeslc,pubmed,0.1146 | 0.0047 | 0.0089,0.1226 | 0.004 | 0.0076,0.1264 | 0.0039 | 0.0076,0.1119 | 0.0034 | 0.0065,0.1143 | 0.0085 | 0.01
aeslc,reddit_tifu,0.0183 | 0.0016 | 0.0029,0.055 | 0.0037 | 0.0069,0.045 | 0.0025 | 0.0048,0.03 | 0.0017 | 0.0031,0.035 | 0.0031 | 0.0052
aeslc,aeslc,0.2631 | 0.2242 | 0.2256,0.2848 | 0.2466 | 0.2456,0.2877 | 0.2456 | 0.2461,0.2763 | 0.2268 | 0.2319,0.2911 | 0.2503 | 0.2496
